{
    "name": "ProcessAzureAS",
    "properties": {
        "activities": [
            {
                "name": "Login",
                "type": "WebActivity",
                "dependsOn": [],
                "policy": {
                    "timeout": "7.00:00:00",
                    "retry": 0,
                    "retryIntervalInSeconds": 30,
                    "secureOutput": false
                },
                "userProperties": [],
                "typeProperties": {
                    "url": {
                        "value": "@concat('https://login.microsoftonline.com/',pipeline().parameters.TenantID,'/oauth2/token')",
                        "type": "Expression"
                    },
                    "method": "POST",
                    "headers": {
                        "Content-Type": "application/x-www-form-urlencoded"
                    },
                    "body": {
                        "value": "@concat('grant_type=client_credentials&resource=https://*.asazure.windows.net&client_id=',pipeline().parameters.ClientID,'&client_secret=',encodeUriComponent(pipeline().parameters.ClientSecret))",
                        "type": "Expression"
                    }
                }
            },
            {
                "name": "UntilRefreshComplete",
                "type": "Until",
                "dependsOn": [
                    {
                        "activity": "FilterToCurrentRefresh",
                        "dependencyConditions": [
                            "Succeeded"
                        ]
                    }
                ],
                "userProperties": [],
                "typeProperties": {
                    "expression": {
                        "value": "@not(equals(activity('GetAzureASRefreshStatus').output.status,'inProgress'))",
                        "type": "Expression"
                    },
                    "activities": [
                        {
                            "name": "GetAzureASRefreshStatus",
                            "type": "WebActivity",
                            "dependsOn": [
                                {
                                    "activity": "Wait30Seconds",
                                    "dependencyConditions": [
                                        "Succeeded"
                                    ]
                                }
                            ],
                            "policy": {
                                "timeout": "7.00:00:00",
                                "retry": 0,
                                "retryIntervalInSeconds": 30,
                                "secureOutput": false
                            },
                            "userProperties": [],
                            "typeProperties": {
                                "url": {
                                    "value": "@concat('https://',pipeline().parameters.Region,'.asazure.windows.net/servers/',pipeline().parameters.Server,'/models/',pipeline().parameters.DatabaseName,'/refreshes/',activity('FilterToCurrentRefresh').output.Value[0].refreshId)",
                                    "type": "Expression"
                                },
                                "method": "GET",
                                "headers": {
                                    "Authorization": {
                                        "value": "@concat(string(activity('Login').output.token_type),' ',string(activity('Login').output.access_token))",
                                        "type": "Expression"
                                    }
                                }
                            }
                        },
                        {
                            "name": "Wait30Seconds",
                            "type": "Wait",
                            "dependsOn": [],
                            "userProperties": [],
                            "typeProperties": {
                                "waitTimeInSeconds": 30
                            }
                        }
                    ],
                    "timeout": "7.00:00:00"
                }
            },
            {
                "name": "FilterToCurrentRefresh",
                "type": "Filter",
                "dependsOn": [
                    {
                        "activity": "GetAzureASRefreshes",
                        "dependencyConditions": [
                            "Succeeded"
                        ]
                    }
                ],
                "userProperties": [],
                "typeProperties": {
                    "items": {
                        "value": "@json(activity('GetAzureASRefreshes').output.Response)",
                        "type": "Expression"
                    },
                    "condition": {
                        "value": "@greaterOrEquals(item().startTime,addseconds(activity('StartProcessingAzureAS').output.startTime,-30))",
                        "type": "Expression"
                    }
                }
            },
            {
                "name": "StartProcessingAzureAS",
                "type": "WebActivity",
                "dependsOn": [
                    {
                        "activity": "Login",
                        "dependencyConditions": [
                            "Succeeded"
                        ]
                    }
                ],
                "policy": {
                    "timeout": "7.00:00:00",
                    "retry": 0,
                    "retryIntervalInSeconds": 30,
                    "secureOutput": false
                },
                "userProperties": [],
                "typeProperties": {
                    "url": {
                        "value": "@concat('https://',pipeline().parameters.Region,'.asazure.windows.net/servers/',pipeline().parameters.Server,'/models/',pipeline().parameters.DatabaseName,'/refreshes')",
                        "type": "Expression"
                    },
                    "method": "POST",
                    "headers": {
                        "Authorization": {
                            "value": "@concat(string(activity('Login').output.token_type),' ',string(activity('Login').output.access_token))",
                            "type": "Expression"
                        }
                    },
                    "body": {
                        "Type": "Full",
                        "CommitMode": "transactional",
                        "MaxParallelism": 10,
                        "RetryCount": 2
                    }
                }
            },
            {
                "name": "IfFailed",
                "type": "IfCondition",
                "dependsOn": [
                    {
                        "activity": "UntilRefreshComplete",
                        "dependencyConditions": [
                            "Succeeded"
                        ]
                    }
                ],
                "userProperties": [],
                "typeProperties": {
                    "expression": {
                        "value": "@equals(activity('GetAzureASRefreshStatus').output.status,'failed')",
                        "type": "Expression"
                    },
                    "ifTrueActivities": [
                        {
                            "name": "ThrowErrorOnFailure",
                            "type": "Fail",
                            "dependsOn": [],
                            "userProperties": [],
                            "typeProperties": {
                                "message": "@string(activity('GetAzureASRefreshStatus').output)",
                                "errorCode": "100"
                            }
                        }
                    ]
                }
            },
            {
                "name": "GetAzureASRefreshes",
                "type": "WebActivity",
                "dependsOn": [
                    {
                        "activity": "StartProcessingAzureAS",
                        "dependencyConditions": [
                            "Succeeded"
                        ]
                    }
                ],
                "policy": {
                    "timeout": "7.00:00:00",
                    "retry": 0,
                    "retryIntervalInSeconds": 30,
                    "secureOutput": false
                },
                "userProperties": [],
                "typeProperties": {
                    "url": {
                        "value": "@concat('https://',pipeline().parameters.Region,'.asazure.windows.net/servers/',pipeline().parameters.Server,'/models/',pipeline().parameters.DatabaseName,'/refreshes')",
                        "type": "Expression"
                    },
                    "method": "GET",
                    "headers": {
                        "Authorization": {
                            "value": "@concat(string(activity('Login').output.token_type),' ',string(activity('Login').output.access_token))",
                            "type": "Expression"
                        }
                    },
                    "body": {
                        "Type": "Full",
                        "CommitMode": "transactional",
                        "MaxParallelism": 10,
                        "RetryCount": 2
                    }
                }
            }
        ],
        "parameters": {
            "TenantID": {
                "type": "String"
            },
            "ClientID": {
                "type": "String"
            },
            "ClientSecret": {
                "type": "String"
            },
            "SubscriptionID": {
                "type": "String"
            },
            "Region": {
                "type": "String"
            },
            "Server": {
                "type": "String"
            },
            "DatabaseName": {
                "type": "String"
            }
        },
        "folder": {
            "name": "Azure AS"
        },
        "annotations": []
    },
    "type": "Microsoft.DataFactory/factories/pipelines"
}
